{
  "_note": "Per-unit prices. Source: oils from Price List Libya U1DYNAMICS 19NOV matrix; coolants from QB export (invoices 12061/14731/15573/15574/16509/17776).",
  "_suffix_map": {
    "L":  "BOX (12Q) — per quart",
    "J":  "BOX (3/5QTS) — per 5-qt jug",
    "G":  "BOX (4G) oils — per gallon",
    "JC": "JERRYCAN (20L) — per jerry can",
    "P":  "PAIL (5G) — per pail",
    "D":  "DRUM (55G) — per drum"
  },

  "UL100": { "L": 3.11439, "J": 14.37222, "G": 11.78542, "JC": 54.30907, "P": 50.77902, "D": 518.2625 },
  "UL101": { "L": 2.92689, "J": 13.43472, "G": 11.03542, "JC": 50.34607, "P": 47.02902, "D": 477.0125 },
  "UL102": { "L": 2.78002, "J": 12.70035, "G": 10.44792, "JC": 47.24172, "P": 44.09152, "D": 444.7 },
  "UL103": { "L": 2.83314, "J": 12.96597, "G": 10.66042, "JC": 48.36457, "P": 45.15402, "D": 456.3875 },
  "UL104": { "L": 2.83627, "J": 12.9816,  "G": 10.67292, "JC": 48.43062, "P": 45.21652, "D": 457.075 },
  "UL105": { "L": 2.91439, "J": 13.37222, "G": 10.98542, "JC": 50.08187, "P": 46.77902, "D": 474.2625 },
  "UL106": { "L": 3.19564, "J": 14.77847, "G": 12.11042, "JC": 56.02637, "P": 52.40402, "D": 536.1375 },
  "UL107": { "L": 3.12377, "J": 14.4191,  "G": 11.82292, "JC": 54.50722, "P": 50.96652, "D": 520.325 },
  "UL108": { "L": 3.19564, "J": 14.77847, "G": 12.11042, "JC": 56.02637, "P": 52.40402, "D": 536.1375 },
  "UL109": { "L": 2.91439, "J": 13.37222, "G": 10.98542, "JC": 50.08187, "P": 46.77902, "D": 474.2625 },
  "UL110": { "L": 4.23854, "J": 14.28542, "G": 11.66042, "JC": 53.64857, "P": 50.15402, "D": 527.7375 },
  "UL111": { "L": 4.16042, "J": 13.89479, "G": 11.34792, "JC": 51.99732, "P": 48.59152, "D": 510.55 },
  "UL112": { "L": 4.66752, "J": 22.13785, "G": 17.99792, "JC": 87.13592, "P": 81.84152, "D": 859.95 },
  "UL113": { "L": 4.66752, "J": 22.13785, "G": 17.99792, "JC": 87.13592, "P": 81.84152, "D": 859.95 },
  "UL114": { "L": 4.55104, "J": 15.84792, "G": 12.91042, "JC": 60.25357, "P": 56.40402, "D": 596.4875 },
  "UL115": { "L": 4.66042, "J": 16.39479, "G": 13.34792, "JC": 62.56532, "P": 58.59152, "D": 620.55 },
  "UL116": { "L": 4.42604, "J": 15.22292, "G": 12.41042, "JC": 57.61157, "P": 53.90402, "D": 568.9875 },

  "UL201": { "L": 2.63627, "J": 11.9816,  "G": 9.87292,  "JC": 44.20342, "P": 41.21652, "D": 413.075 },
  "UL202": { "L": 2.68002, "J": 12.20035, "G": 10.04792, "JC": 45.12812, "P": 42.09152, "D": 422.7 },
  "UL203": { "L": 2.68314, "J": 12.21597, "G": 10.06042, "JC": 45.19417, "P": 42.15402, "D": 423.3875 },
  "UL204": { "L": 2.78002, "J": 12.70035, "G": 10.44792, "JC": 47.24172, "P": 44.09152, "D": 444.7 },
  "UL205": { "L": 2.92689, "J": 13.43472, "G": 11.03542, "JC": 50.34607, "P": 47.02902, "D": 477.0125 },
  "UL206": { "JC": 44 },
  "UL207": { "L": 2.5925, "J": 11.83333, "JC": 44 },
  "UL208": { "L": 2.89564, "J": 13.27847, "G": 10.91042, "JC": 49.68557, "P": 46.40402, "D": 470.1375 },
  "UL209": { "L": 2.91127, "J": 13.3566,  "G": 10.97292, "JC": 50.01582, "P": 46.71652, "D": 473.575 },
  "UL210": { "L": 2.83627, "J": 12.9816,  "G": 10.67292, "JC": 48.43062, "P": 45.21652, "D": 457.075 },
  "UL211": { "L": 2.75502, "J": 13.10729, "G": 10.34792, "JC": 46.71332, "P": 43.59152, "D": 455.55 },
  "UL212": { "L": 2.83314, "J": 13.49792, "G": 10.66042, "JC": 48.36457, "P": 45.15402, "D": 472.7375 },
  "UL213": { "L": 3.08002, "J": 14.20035, "G": 11.64792, "JC": 53.58252, "P": 50.09152, "D": 510.7 },
  "UL214": { "L": 3.03627, "J": 13.9816,  "G": 11.47292, "JC": 52.65782, "P": 49.21652, "D": 501.075 },
  "UL216": { "L": 1.05189, "J": 4.05972,  "G": 3.53542,  "JC": 10.71607, "P": 9.52902,  "D": 64.5125 },

  "UL301": { "L": 2.62064, "J": 11.90347, "G": 9.81042,  "JC": 43.87317, "P": 40.90402, "D": 409.6375 },
  "UL302": { "L": 2.73627, "J": 12.4816,  "G": 10.27292, "JC": 46.31702, "P": 43.21652, "D": 435.075 },
  "UL303": { "L": 2.81439, "J": 12.87222, "G": 10.58542, "JC": 47.96827, "P": 44.77902, "D": 452.2625 },
  "UL304": { "L": 2.58002, "J": 11.70035, "G": 9.64792,  "JC": 43.01452, "P": 40.09152, "D": 400.7 },
  "UL305": { "L": 2.58002, "J": 11.70035, "G": 9.64792,  "JC": 43.01452, "P": 40.09152, "D": 400.7 },
  "UL306": { "L": 2.84564, "J": 13.02847, "G": 10.71042, "JC": 48.62877, "P": 45.40402, "D": 459.1375 },
  "UL307": { "L": 2.81752, "J": 12.88785, "G": 10.59792, "JC": 48.03432, "P": 44.84152, "D": 452.95 },
  "UL308": { "L": 2.95502, "J": 13.57535, "G": 11.14792, "JC": 50.94052, "P": 47.59152, "D": 483.2 },
  "UL309": { "L": 2.80189, "J": 12.80972, "G": 10.53542, "JC": 47.70407, "P": 44.52902, "D": 449.5125 },
  "UL310": { "L": 2.64564, "J": 12.02847, "G": 9.91042,  "JC": 44.40157, "P": 41.40402, "D": 415.1375 },
  "UL311": { "L": 2.59877, "J": 11.7941,  "G": 9.72292,  "JC": 43.41082, "P": 40.46652, "D": 404.825 },
  "UL312": { "L": 2.86439, "J": 13.12222, "G": 10.78542, "JC": 49.02507, "P": 45.77902, "D": 463.2625 },
  "UL313": { "L": 2.61439, "J": 11.87222, "G": 9.78542,  "JC": 43.74107, "P": 40.77902, "D": 408.2625 },
  "UL314": { "L": 2.86439, "J": 13.12222, "G": 10.78542, "JC": 49.02507, "P": 45.77902, "D": 463.2625 },
  "UL315": { "L": 2.58314, "J": 11.71597, "G": 9.66042,  "JC": 43.08057, "P": 40.15402, "D": 401.3875 },
  "UL316": { "L": 2.58314, "J": 11.71597, "G": 9.66042,  "JC": 43.08057, "P": 40.15402, "D": 401.3875 },
  "UL317": { "L": 2.58314, "J": 11.71597, "G": 9.66042,  "JC": 43.08057, "P": 40.15402, "D": 401.3875 },
  "UL318": { "L": 2.33333, "G": 8.75, "J": 10.66667 },
  "UL319": { "L": 3.04877, "J": 14.0441,  "G": 11.52292, "JC": 52.92202, "P": 49.46652, "D": 503.825 },

  "UL400": { "L": 2.94252, "J": 13.51285, "G": 11.09792, "JC": 50.67632, "P": 47.34152, "D": 480.45 },
  "UL401": { "L": 2.97377, "J": 13.6691,  "G": 11.22292, "JC": 51.33682, "P": 47.96652, "D": 487.325 },
  "UL402": { "L": 3.02064, "J": 13.90347, "G": 11.41042, "JC": 52.32757, "P": 48.90402, "D": 497.6375 },
  "UL403": { "L": 2.95814, "J": 13.59097, "G": 11.16042, "JC": 51.00657, "P": 47.65402, "D": 483.8875 },
  "UL404": { "L": 2.95814, "J": 13.59097, "G": 11.16042, "JC": 51.00657, "P": 47.65402, "D": 483.8875 },
  "UL405": { "L": 3.31752, "J": 15.38785, "G": 12.59792, "JC": 58.60232, "P": 54.84152, "D": 562.95 },
  "UL406": { "L": 2.88002, "J": 13.20035, "G": 10.84792, "JC": 49.35532, "P": 46.09152, "D": 466.7 },
  "UL407": { "L": 2.81752, "J": 12.88785, "G": 10.59792, "JC": 48.03432, "P": 44.84152, "D": 452.95 },
  "UL408": { "L": 3.42689, "J": 15.93472, "G": 13.03542, "JC": 60.91407, "P": 57.02902, "D": 587.0125 },
  "UL409": { "L": 3.39564, "J": 15.77847, "G": 12.91042, "JC": 60.25357, "P": 56.40402, "D": 580.1375 },
  "UL410": { "L": 3.58314, "J": 16.71597, "G": 13.66042, "JC": 64.21657, "P": 60.15402, "D": 621.3875 },
  "UL411": { "L": 3.48939, "J": 16.24722, "G": 13.28542, "JC": 62.23507, "P": 58.27902, "D": 600.7625 },
  "UL412": { "L": 3.30189, "J": 15.30972, "G": 12.53542, "JC": 58.27207, "P": 54.52902, "D": 559.5125 },
  "UL413": { "L": 3.70814, "J": 17.34097, "G": 14.16042, "JC": 66.85857, "P": 62.65402, "D": 648.8875 },
  "UL414": { "L": 4.55189, "J": 21.55972, "G": 17.53542, "JC": 84.69207, "P": 79.52902, "D": 834.5125 },
  "UL415": { "L": 4.63002, "J": 21.95035, "G": 17.84792, "JC": 86.34332, "P": 81.09152, "D": 851.7 },
  "UL416": { "L": 2.97377, "J": 13.6691,  "G": 11.22292, "JC": 51.33682, "P": 47.96652, "D": 487.325 },
  "UL417": { "L": 3.00502, "J": 13.82535, "G": 11.34792, "JC": 51.99732, "P": 48.59152, "D": 494.2 },
  "UL418": { "L": 2.98939, "J": 13.74722, "G": 11.28542, "JC": 51.66707, "P": 48.27902, "D": 490.7625 },
  "UL419": { "L": 2.98939, "J": 13.74722, "G": 11.28542, "JC": 51.66707, "P": 48.27902, "D": 490.7625 },
  "UL420": { "L": 2.98939, "J": 13.74722, "G": 11.28542, "JC": 51.66707, "P": 48.27902, "D": 490.7625 },
  "UL421": { "L": 3.00502, "J": 13.82535, "G": 11.34792, "JC": 51.99732, "P": 48.59152, "D": 494.2 },
  "UL422": { "L": 3.39564, "J": 15.77847, "G": 12.91042, "JC": 60.25357, "P": 56.40402, "D": 580.1375 },
  "UL423": { "L": 3.38002, "J": 15.70035,