{
  "_note": "Per-unit QB prices. Source: COMP EDGE PRICING MARCH 2025-2026 QB export + PO_02350 cross-check.",
  "_suffix_map": {
    "L": "BOX (12Q) — per quart",
    "J": "BOX (3/5QTS) — per 5-qt jug",
    "D": "DRUM (55G) — per drum",
    "P": "PAIL (5G) — per pail",
    "G": "BOX (6G) coolants / BOX (4G) oils — per gallon. DEF (UL990): per individual 2.5G container",
    "Oil": "BULK (OIL) — per gallon (tote)",
    "Cool": "BULK (COOL) — per gallon (tote)"
  },
  "UL100": { "J": 13.7, "L": 3.19 },
  "UL101": { "D": 502.83, "J": 11.06, "L": 3.19 },
  "UL102": { "D": 478.64, "J": 11.06, "L": 3.08 },
  "UL103": { "D": 478.64, "J": 11.06, "L": 3.09 },
  "UL104": { "D": 526.51, "J": 13.45, "L": 3.08 },
  "UL105": { "L": 3.08 },
  "UL106": { "D": 546.62 },
  "UL108": { "D": 581.51 },
  "UL112": { "D": 680.76, "J": 16.85, "L": 3.79 },
  "UL113": { "J": 16.85, "L": 3.79 },
  "UL114": { "D": 583.03 },
  "UL115": { "D": 634.59 },
  "UL201": { "D": 328.6, "J": 10.85, "L": 2.4, "Oil": 5.94928 },
  "UL202": { "D": 328.6, "J": 10.85, "L": 2.4 },
  "UL203": { "D": 328.6, "J": 10.85, "L": 2.4 },
  "UL204": { "D": 328.6, "L": 2.88 },
  "UL205": { "J": 13.58 },
  "UL206": { "D": 361.0, "G": 10.29, "Oil": 6.22642, "P": 38.5 },
  "UL210": { "D": 467.69, "G": 10.96, "Oil": 9.21362 },
  "UL214": { "Oil": 8.6 },
  "UL301": { "J": 11.85, "L": 2.75 },
  "UL306": { "D": 486.79 },
  "UL313": { "J": 11.92, "L": 2.76 },
  "UL401": { "L": 3.15 },
  "UL501": { "D": 298.95, "L": 2.8, "P": 30.71 },
  "UL503": { "D": 475.16, "G": 10.56, "L": 3.06 },
  "UL505": { "L": 3.5 },
  "UL506": { "P": 71.01 },
  "UL510": { "D": 630.0, "L": 3.5 },
  "UL601": { "D": 339.64, "G": 9.3, "P": 35.06 },
  "UL602": { "D": 443.22, "P": 42.72 },
  "UL603": { "P": 43.51 },
  "UL604": { "D": 477.69 },
  "UL701": { "D": 502.07, "G": 10.45, "L": 2.97, "P": 48.23 },
  "UL702": { "G": 11.23, "L": 3.17, "P": 52.12 },
  "UL703": { "D": 636.51, "G": 12.89, "L": 3.61, "Oil": 11.15808, "P": 60.45 },
  "UL705": { "L": 4.48, "P": 76.84 },
  "UL707": { "P": 47.95 },
  "UL801": { "D": 299.0, "G": 8.73, "Oil": 4.5, "P": 26.25 },
  "UL802": { "D": 299.0, "G": 8.72, "Oil": 4.5, "P": 26.25 },
  "UL803": { "D": 299.0, "Oil": 4.5, "P": 26.25 },
  "UL810": { "P": 26.0 },
  "UL900": { "D": 189.0 },
  "UL901": { "D": 189.0, "G": 3.76 },
  "UL902": { "D": 189.0 },
  "UL903": { "D": 189.0, "G": 3.76 },
  "UL904": { "Cool": 3.428, "D": 189.0, "G": 3.77 },
  "UL905": { "G": 3.76 },
  "UL911": { "D": 272.0, "G": 5.58 },
  "UL913": { "Cool": 4.84, "D": 272.0, "G": 5.08 },
  "UL914": { "D": 272.0, "G": 5.08 },
  "UL915": { "D": 272.0, "G": 5.08 },
  "UL930": { "G": 4.73 },
  "UL931": { "G": 4.88 },
  "UL932": { "G": 4.88 },
  "UL933": { "G": 4.73 },
  "UL934": { "D": 235.0, "G": 4.88 },
  "UL935": { "G": 4.88 },
  "UL940": { "G": 6.86 },
  "UL941": { "G": 7.07 },
  "UL942": { "G": 7.07 },
  "UL943": { "G": 6.86 },
  "UL945": { "G": 7.08 },
  "UL990": { "D": 134.1, "G": 6.0 }
}
