{
  "_note": "Per-unit QB prices. Source: DAHER PRICING MARCH 2025-2026 QB export.",
  "_suffix_map": {
    "L":  "BOX (12Q) — per quart",
    "J":  "BOX (3/5QTS) — per 5-qt jug",
    "G":  "BOX (4G) oils / BOX (6G) coolants / BOX (2X2.5G) DEF — per gallon or per 2.5G container",
    "P":  "PAIL (5G) — per pail",
    "D":  "DRUM (55G) — per drum"
  },

  "UL101": { "L": 3.44667 },
  "UL102": { "L": 3.1625,  "G": 11.495,  "D": 509.59  },
  "UL103": { "L": 3.1625,  "D": 513.93   },
  "UL104": { "L": 3.0875,  "D": 526.51   },
  "UL106": { "L": 3.35167  },
  "UL107": { "L": 3.35167, "D": 567.82   },
  "UL108": { "L": 3.19667  },
  "UL114": { "L": 4.08167  },
  "UL116": { "L": 2.8475   },

  "UL202": { "L": 3.115,   "D": 444.88   },
  "UL203": { "L": 2.79417, "G": 9.89,    "D": 444.88  },
  "UL205": { "L": 2.97,    "G": 10.83    },
  "UL206": { "L": 3.24083, "G": 10.39,   "P": 50.73,  "D": 457.18 },
  "UL207": { "L": 2.955,   "G": 10.39,   "P": 47.95,  "D": 396.58 },
  "UL209": { "P": 51.08    },

  "UL306": { "G": 10.6825  },
  "UL312": { "D": 463.26   },

  "UL401": { "L": 2.99167  },
  "UL402": { "L": 3.03833  },
  "UL411": { "L": 3.50417  },
  "UL412": { "L": 3.3175   },

  "UL501": { "L": 2.55,    "D": 448.12   },
  "UL502": { "L": 2.80833  },
  "UL503": { "L": 3.34833  },
  "UL504": { "L": 3.7375   },
  "UL505": { "L": 3.11667  },
  "UL510": { "L": 3.34833, "D": 535      },

  "UL604": { "D": 444.41   },

  "UL701": { "L": 2.97,    "D": 465.46   },
  "UL702": { "P": 50.6,    "D": 544      },
  "UL703": { "L": 3.7225,  "P": 62.55    },

  "UL802": { "P": 32       },
  "UL803": { "P": 36,      "D": 371.82   },

  "UL900": { "G": 3.77667  },
  "UL901": { "G": 3.77667, "D": 189      },
  "UL903": { "G": 3.77667, "D": 189      },
  "UL904": { "G": 3.77667, "D": 189      },
  "UL913": { "D": 331.71   },

  "UL990": { "G": 6.5,     "D": 153.56   }
}
