{
  "_note": "Per-unit QB prices. Source: DIANCA S.A. QB export.",
  "_suffix_map": {
    "L": "BOX (12Q) — per quart",
    "G": "BOX (4G) oils / BOX (6G) coolants — per gallon",
    "P": "PAIL (5G) — per pail",
    "D": "DRUM (55G) — per drum"
  },

  "UL101": { "L": 3.29083, "G": 12.3025 },
  "UL103": { "L": 2.99417, "G": 11.115  },
  "UL106": { "G": 12.7475 },
  "UL107": { "G": 12.7475 },
  "UL108": { "G": 12.7475 },

  "UL203": { "L": 2.91917, "G": 10.245  },
  "UL205": { "L": 3.28167, "G": 11.62   },
  "UL206": { "L": 3.26583, "G": 11.5575, "P": 53.02, "D": 517.37 },

  "UL405": { "L": 3.46583 },
  "UL424": { "L": 3.57917 },

  "UL602": { "P": 47.08, "D": 452.06 },
  "UL603": { "P": 48.02, "D": 462.37 },
  "UL604": { "P": 50.83, "D": 493.31 },

  "UL701": { "L": 3.11667, "G": 10.995, "P": 50.21 },
  "UL702": { "L": 3.34833, "G": 11.87,  "P": 54.58 },
  "UL703": { "L": 3.84333 },

  "UL804": { "P": 43.02 }
}
