{
  "UL101": {
    "L": 3.38083
  },
  "UL104": {
    "D": 526.5,
    "L": 3.0875
  },
  "UL106": {
    "D": 581.51,
    "G": 11.8975,
    "L": 3.35167
  },
  "UL107": {
    "G": 11.8975,
    "L": 3.35167
  },
  "UL114": {
    "D": 630.0,
    "L": 3.75
  },
  "UL116": {
    "D": 630.0
  },
  "UL203": {
    "D": 410.55,
    "G": 9.3125,
    "L": 2.66667
  },
  "UL204": {
    "D": 483.7,
    "L": 2.88167
  },
  "UL205": {
    "D": 430.0,
    "G": 9.3125,
    "L": 2.66667
  },
  "UL206": {
    "D": 430.0,
    "G": 9.3125,
    "L": 3.05
  },
  "UL209": {
    "D": 485.0,
    "G": 10.195,
    "L": 2.89583
  },
  "UL210": {
    "G": 10.955,
    "L": 2.89917
  },
  "UL303": {
    "D": 425.0,
    "G": 9.8425
  },
  "UL306": {
    "D": 450.0,
    "L": 2.89667
  },
  "UL308": {
    "G": 9.41
  },
  "UL309": {
    "D": 425.0,
    "G": 9.5,
    "L": 2.6875
  },
  "UL401": {
    "L": 3.0925
  },
  "UL402": {
    "L": 3.25
  },
  "UL405": {
    "L": 3.43083
  },
  "UL501": {
    "L": 2.80833
  },
  "UL502": {
    "L": 2.80833
  },
  "UL503": {
    "D": 535.0,
    "L": 3.11667
  },
  "UL504": {
    "L": 3.5
  },
  "UL601": {
    "P": 45.45
  },
  "UL604": {
    "P": 45.4
  },
  "UL701": {
    "D": 457.81,
    "L": 2.42083
  },
  "UL703": {
    "L": 3.61583
  },
  "UL706": {
    "L": 3.5425
  },
  "UL801": {
    "P": 33.70
  },
  "UL803": {
    "P": 34.99
  }
}
