{
  "_note": "Per-unit QB prices. Source: PRO SUPPLY PRICING MARCH 2025-2026 QB export.",
  "_suffix_map": {
    "L": "BOX (12Q) — per quart",
    "J": "BOX (3/5QTS) — per 5-qt jug",
    "G": "BOX (6G) coolants / BOX (4G) oils — per gallon",
    "P": "PAIL (5G) — per pail",
    "D": "DRUM (55G) — per drum",
    "Oil": "BULK (OIL) tote return — per gallon",
    "T": "TOTE (265G) standard — per tote"
  },
  "UL100": {
    "J": 12.31667
  },
  "UL101": {
    "J": 13.6
  },
  "UL102": {
    "J": 13.6
  },
  "UL103": {
    "J": 13.6
  },
  "UL104": {
    "J": 11.43
  },
  "UL112": {
    "J": 12.55
  },
  "UL113": {
    "J": 12.55
  },
  "UL114": {
    "J": 12.03667,
    "D": 509.38
  },
  "UL115": {
    "D": 509.38
  },
  "UL116": {
    "D": 509.38
  },
  "UL121": {
    "J": 38.45
  },
  "UL122": {
    "J": 37.48
  },
  "UL123": {
    "J": 37.48
  },
  "UL124": {
    "J": 37.48
  },
  "UL201": {
    "L": 1.91667
  },
  "UL202": {
    "L": 1.91667
  },
  "UL203": {
    "L": 1.91667
  },
  "UL206": {
    "Oil": 6.03,
    "T": 2138
  },
  "UL221": {
    "Oil": 6.44,
    "T": 1960.72,
    "D": 426.34,
    "P": 41.05,
    "G": 9.8875,
    "J": 12.13667,
    "L": 2.71833
  },
  "UL222": {
    "Oil": 6.44,
    "T": 1960.72,
    "D": 426.34,
    "P": 41.05,
    "G": 9.8875,
    "J": 12.13667,
    "L": 2.71833
  },
  "UL223": {
    "Oil": 6.44,
    "T": 1960.72,
    "D": 426.34,
    "P": 41.05,
    "G": 9.8875,
    "J": 12.13667,
    "L": 2.71833
  },
  "UL401": {
    "L": 2.91417
  },
  "UL407": {
    "D": 351
  },
  "UL409": {
    "D": 540.48
  },
  "UL501": {
    "L": 2.50583
  },
  "UL503": {
    "L": 3.245,
    "D": 496.95
  },
  "UL504": {
    "L": 3.72917,
    "D": 572
  },
  "UL505": {
    "L": 3.82083
  },
  "UL701": {
    "L": 3.11667,
    "P": 50.21,
    "D": 433.05
  },
  "UL702": {
    "P": 47.26
  },
  "UL703": {
    "L": 3.61583,
    "P": 60.45
  },
  "UL705": {
    "L": 4.8175
  },
  "UL801": {
    "P": 31.96,
    "D": 290
  },
  "UL802": {
    "D": 290
  },
  "UL900": {
    "G": 4.44
  },
  "UL901": {
    "G": 4.44
  },
  "UL902": {
    "G": 4.44
  },
  "UL911": {
    "G": 6.29
  },
  "UL913": {
    "G": 6.29
  },
  "UL914": {
    "G": 6.29
  },
  "UL915": {
    "G": 6.29
  }
}