{
  "_note": "Per-unit prices. Source: UKR-KOREA PRICING QB export + Quote 113573 (2/17/2026) + price list update (04/07/2026).",
  "_suffix_map": {
    "L": "BOX (12Q) — per quart",
    "J": "BOX (3/5QTS) — per 5-qt jug",
    "G": "BOX (4G) — per gallon",
    "P": "PAIL (5G) — per pail",
    "D": "DRUM (55G) — per drum"
  },
  "UL100": { "L": 2.8,      "J": 12.95    },
  "UL101": { "L": 2.7675,   "J": 12.78333 },
  "UL102": { "L": 2.70167,  "J": 12.45667 },
  "UL103": { "L": 2.70167,  "J": 12.45667 },
  "UL104": { "L": 2.70167,  "J": 12.45667 },
  "UL105": { "L": 2.70167                  },
  "UL106": { "L": 2.9975,   "P": 48.24    },
  "UL201": { "L": 2.37417,  "J": 10.81667 },
  "UL202": { "L": 2.37417,  "J": 10.81667 },
  "UL204": { "L": 2.37417                  },
  "UL206": { "P": 38.99                    },
  "UL301": { "L": 2.32417,  "G": 8.63     },
  "UL313": { "L": 2.34083,  "J": 10.65333 },
  "UL315": { "L": 2.30833,  "J": 10.48667 },
  "UL316": { "L": 2.30833,  "J": 10.48667 },
  "UL401": { "L": 2.4725                   },
  "UL402": { "L": 2.5375                   },
  "UL403": { "L": 2.4725                   },
  "UL405": { "L": 2.84917                  },
  "UL407": { "L": 2.32417                  },
  "UL409": { "L": 2.93167                  },
  "UL410": { "L": 3.12833                  },
  "UL411": { "L": 3.12833                  },
  "UL412": { "L": 2.83333                  },
  "UL429": { "L": 4.2275                   },
  "UL500": { "D": 568.41                   },
  "UL501": { "L": 2.39,     "D": 366.28   },
  "UL502": { "L": 2.39                     },
  "UL503": { "L": 2.80,     "D": 456.52   },
  "UL505": { "L": 3.30917                  },
  "UL701": { "L": 2.57083                  },
  "UL702": { "L": 2.80                     },
  "UL703": { "L": 3.2925                   },
  "UL705": { "L": 4.26083                  },
  "UL801": { "P": 29.41                    },
  "UL802": { "P": 29.80                    },
  "UL803": { "P": 31.44                    }
}
